Traffic_Status,Shipment_Status,Avg_Waiting_Time,Avg_Utilization,Avg_Inventory,Avg_Demand,Delay_Rate
Clear,Delayed,34.504347826086956,78.24608695652174,282.9826086956522,203.52173913043478,1.0
Clear,Delivered,37.37,77.658,303.99,204.91,0.0
Clear,In Transit,34.982300884955755,81.67787610619469,310.5221238938053,198.1504424778761,0.0
Detour,Delayed,33.88709677419355,79.31854838709677,290.7741935483871,198.66129032258064,1.0
Detour,Delivered,36.416666666666664,80.4575,292.35833333333335,199.48333333333332,0.0
Detour,In Transit,35.73267326732673,78.35445544554456,286.25742574257424,200.21782178217822,0.0
Heavy,Delayed,35.369369369369366,80.47117117117116,298.35135135135135,192.40540540540542,1.0
Heavy,Delivered,32.355932203389834,78.49067796610169,304.1525423728813,204.1271186440678,1.0
Heavy,In Transit,35.5,81.70408163265306,314.55102040816325,191.41836734693877,1.0
