Timestamp,Asset_ID,Latitude,Longitude,Inventory_Level,Shipment_Status,Temperature,Humidity,Traffic_Status,Waiting_Time,User_Transaction_Amount,User_Purchase_Frequency,Logistics_Delay_Reason,Asset_Utilization,Demand_Forecast,Hour,Day,Day_of_Week,Month,Month_Name,Is_Weekend,Utilization_Band,Inventory_Band,Inventory_Coverage,Purchase_Frequency_Band,Demand_Normalized,Utilization_Normalized,Waiting_Normalized,Operational_Stress_Score,Operational_Stress_Level,Week_of_Year,Time_Period,Inventory_Demand_Gap,Stock_Risk,Fleet_Load_Index,Fleet_Load_Index_Normalized,Demand_Score,Utilization_Score,Waiting_Score,Customer_Value_Index,Customer_Value_Segment,Traffic_Level,Traffic_Utilization_Interaction,Demand_Traffic_Interaction,Utilization_Waiting_Interaction,Pre_Dispatch_Stress_Score,Distance_From_Center,Actual_Delay,Delay_Probability,Predicted_Delay,Risk_Level
2024-06-17 14:27:56,Truck_6,-71.8307,-53.6072,274,Delivered,21.5,74.0,Heavy,23,448,5,Mechanical Failure,74.7,200,14,17,0,6,June,0,High,Medium-Low,1.37,Medium-Low,0.5,0.3675000000000001,0.26,0.3758333333333334,Medium,25,Afternoon,74,0,14940.0,0.3778276248813735,0.5,0.3675000000000001,0.26,2240,High Value,,,,1718.1,0.4337500000000001,89.05213498625446,1,0.9625407785930697,1,Critical Risk
2024-09-27 15:16:09,Truck_8,-3.7749,-110.6148,211,In Transit,19.8,52.8,Heavy,23,423,1,Traffic,80.6,185,15,27,4,9,September,0,Very High,Medium-Low,1.1405405405405404,Low,0.425,0.5150000000000001,0.26,0.4000000000000001,Medium,39,Afternoon,26,0,14910.999999999998,0.3765766543007505,0.425,0.5150000000000001,0.26,423,Low Value,,,,1853.8,0.4700000000000001,111.47800643179588,1,0.9575477064436558,1,Critical Risk
2024-03-10 06:12:13,Truck_9,7.9549,-109.2897,434,Delivered,22.0,69.2,Heavy,17,233,10,,63.4,138,6,10,6,3,March,1,High,High,3.1449275362318843,High,0.19,0.0849999999999999,0.14,0.1383333333333333,Low,10,Morning,296,0,8749.199999999999,0.1107756017599861,0.19,0.0849999999999999,0.14,2330,High Value,,,,1077.8,0.1375,110.51999778511446,1,0.9557493293762993,1,Critical Risk
2024-10-11 10:29:57,Truck_10,-48.6056,-11.5509,420,Delayed,29.9,64.6,Heavy,34,282,10,Mechanical Failure,79.4,134,10,11,4,10,October,0,Very High,High,3.1343283582089554,High,0.17,0.4850000000000003,0.48,0.3783333333333334,Medium,41,Morning,286,0,10639.6,0.1923216288499698,0.17,0.4850000000000003,0.48,2820,Very High Value,,,,2699.6000000000004,0.3275000000000002,48.84259664915929,1,0.9536628862834683,1,Critical Risk
2024-02-27 01:39:05,Truck_5,13.7939,25.2973,472,In Transit,22.7,53.0,Heavy,30,389,6,Weather,86.8,232,1,27,1,2,February,0,Very High,High,2.034482758620689,Medium-Low,0.6599999999999999,0.6699999999999999,0.3999999999999999,0.5766666666666665,Medium,9,Night,240,0,20137.6,0.6020360624622552,0.6599999999999999,0.6699999999999999,0.3999999999999999,2334,High Value,,,,2604.0,0.6649999999999999,28.77407471311469,1,0.9527897613941088,1,Critical Risk
2024-08-19 08:18:25,Truck_7,-47.9015,-121.4183,332,In Transit,24.4,69.5,Heavy,27,343,5,Traffic,87.6,235,8,19,0,8,August,0,Very High,Medium-High,1.4127659574468086,Medium-Low,0.675,0.69,0.34,0.5683333333333334,Medium,34,Morning,97,0,20586.0,0.6213786558536797,0.675,0.69,0.34,1715,High Value,,,,2365.2,0.6825,130.81465108096074,1,0.9499674509604146,1,Critical Risk
2024-06-15 02:50:21,Truck_7,68.1229,9.8155,382,Delivered,20.6,72.8,Heavy,10,128,1,Weather,79.2,157,2,15,5,6,June,1,Very High,Medium-High,2.43312101910828,Low,0.285,0.4800000000000002,0.0,0.255,Low,24,Night,225,0,12434.4,0.2697437667155552,0.285,0.4800000000000002,0.0,128,Low Value,,,,792.0,0.3825000000000001,70.06067973411866,1,0.9480186764803484,1,Critical Risk
2024-07-31 03:43:10,Truck_10,56.2829,49.0292,201,In Transit,24.4,50.8,Heavy,13,367,2,,88.3,174,3,31,2,7,July,0,Very High,Low,1.1551724137931034,Low,0.37,0.7075,0.06,0.3791666666666667,Medium,31,Night,27,0,15364.2,0.3961263048917263,0.37,0.7075,0.06,734,Medium Value,,,,1147.9,0.5387500000000001,75.13453282964423,1,0.9459843533850346,1,Critical Risk
2024-04-18 23:06:56,Truck_2,-76.791,18.3631,276,Delivered,18.0,64.3,Heavy,10,361,5,,88.6,242,23,18,3,4,April,0,Very High,Medium-Low,1.140495867768595,Medium-Low,0.71,0.7149999999999999,0.0,0.4749999999999999,Medium,16,Late_Evening,34,0,21441.2,0.658269346907083,0.71,0.7149999999999999,0.0,1805,High Value,,,,886.0,0.7124999999999999,77.44019794878616,1,0.9446675549726782,1,Critical Risk
2024-07-23 23:11:06,Truck_10,49.6418,-121.3862,318,In Transit,22.5,59.3,Heavy,18,331,9,,97.3,273,23,23,1,7,July,0,Very High,Medium-High,1.164835164835165,High,0.865,0.9325,0.1599999999999999,0.6525,Medium,30,Late_Evening,45,0,26562.9,0.8792036925200586,0.865,0.9325,0.1599999999999999,2979,Very High Value,,,,1751.4,0.89875,132.43759141744192,1,0.9440311072418652,1,Critical Risk
2024-11-19 04:06:22,Truck_4,72.8374,179.4522,349,In Transit,25.6,53.9,Heavy,26,189,9,Weather,77.1,285,4,19,1,11,November,0,Very High,Medium-High,1.224561403508772,High,0.925,0.4275,0.32,0.5575,Medium,47,Night,64,0,21973.5,0.6812311275989993,0.925,0.4275,0.32,1701,High Value,,,,2004.6,0.67625,193.4131332422979,1,0.9440009252113274,1,Critical Risk
2024-06-26 19:58:52,Truck_2,84.0215,75.4829,236,Delivered,19.4,57.2,Heavy,13,368,2,Weather,83.7,276,19,26,2,6,June,0,Very High,Medium-Low,0.855072463768116,Low,0.8800000000000001,0.5925000000000002,0.06,0.5108333333333335,Medium,26,Evening,-40,1,23101.2,0.7298766284186007,0.8800000000000001,0.5925000000000002,0.06,736,Medium Value,,,,1088.1,0.7362500000000002,113.410843579244,1,0.9438658157386101,1,Critical Risk
2024-03-06 02:39:46,Truck_8,-54.4964,-93.8603,286,Delivered,20.7,59.0,Heavy,43,387,4,Traffic,60.7,134,2,6,2,3,March,0,High,Medium-Low,2.1343283582089554,Medium-Low,0.17,0.0175,0.6599999999999999,0.2825,Low,10,Night,152,0,8133.8,0.0842291433008368,0.17,0.0175,0.6599999999999999,1548,High Value,,,,2610.1,0.09375,108.58662464961154,1,0.9434897113322783,1,Critical Risk
2024-10-01 09:21:06,Truck_7,61.9423,34.526,201,Delayed,23.9,57.8,Heavy,24,170,1,Mechanical Failure,90.8,104,9,1,1,10,October,0,Very High,Low,1.932692307692308,Low,0.02,0.77,0.2799999999999999,0.3566666666666667,Medium,40,Morning,97,0,9443.2,0.1407126218617893,0.02,0.77,0.2799999999999999,170,Low Value,,,,2179.2,0.395,71.70870473731014,1,0.941387561093746,1,Critical Risk
2024-09-05 05:28:16,Truck_6,57.1287,148.1805,279,Delivered,19.6,55.9,Heavy,30,187,9,Traffic,90.5,126,5,5,3,9,September,0,Very High,Medium-Low,2.2142857142857144,High,0.13,0.7625000000000002,0.3999999999999999,0.4308333333333334,Medium,36,Night,153,0,11403.0,0.2252523509619532,0.13,0.7625000000000002,0.3999999999999999,1683,High Value,,,,2715.0,0.4462500000000001,158.5276992890009,1,0.9411921055752951,1,Critical Risk
2024-10-07 13:44:52,Truck_10,-73.5498,115.0268,414,Delivered,26.8,73.9,Heavy,14,130,1,Mechanical Failure,86.9,267,13,7,0,10,October,0,Very High,High,1.550561797752809,Low,0.835,0.6725000000000003,0.08,0.5291666666666668,Medium,41,Afternoon,147,0,23202.300000000003,0.7342377706841516,0.835,0.6725000000000003,0.08,130,Low Value,,,,1216.6,0.7537500000000001,135.09497811087417,1,0.9398778608143155,1,Critical Risk
2024-01-13 18:59:02,Truck_6,14.1533,164.1186,286,In Transit,25.0,68.4,Heavy,50,382,5,Weather,71.9,283,18,13,5,1,January,1,High,Medium-Low,1.010600706713781,Medium-Low,0.915,0.2975000000000003,0.8,0.6708333333333334,High,2,Evening,3,0,20347.7,0.6110991286342853,0.915,0.2975000000000003,0.8,1910,High Value,,,,3595.0000000000005,0.6062500000000002,164.0168597418681,1,0.9397870023693097,1,Critical Risk
2024-05-17 11:54:58,Truck_5,-11.6172,47.739,135,Delayed,24.7,67.1,Heavy,26,380,7,Traffic,64.6,109,11,17,4,5,May,0,High,Low,1.238532110091743,Medium-High,0.045,0.1149999999999999,0.32,0.16,Low,20,Morning,26,0,7041.4,0.0371063756362695,0.045,0.1149999999999999,0.32,2660,Very High Value,,,,1679.6,0.08,48.010428754614615,1,0.9391477206178026,1,Critical Risk
2024-09-26 10:33:52,Truck_5,84.8041,86.1533,438,Delayed,20.6,79.3,Heavy,37,431,5,Mechanical Failure,71.7,246,10,26,3,9,September,0,High,High,1.7804878048780488,Medium-Low,0.73,0.2925000000000002,0.54,0.5208333333333334,Medium,39,Morning,192,0,17638.2,0.4942196531791908,0.73,0.2925000000000002,0.54,2155,High Value,,,,2652.9,0.5112500000000001,121.25646699524172,1,0.9387616690208334,1,Critical Risk
2024-09-09 05:33:17,Truck_6,41.7679,-95.8135,262,In Transit,24.5,50.1,Heavy,20,387,2,Weather,95.0,145,5,9,0,9,September,0,Very High,Medium-Low,1.806896551724138,Low,0.2249999999999999,0.875,0.2,0.4333333333333333,Medium,37,Night,117,0,13775.0,0.3275731170735916,0.2249999999999999,0.875,0.2,774,Medium Value,,,,1900.0,0.55,105.8364414952475,1,0.9385335927292084,1,Critical Risk
2024-11-23 19:15:58,Truck_10,-31.9959,164.6097,417,In Transit,23.8,50.7,Heavy,47,278,2,,88.7,226,19,23,5,11,November,1,Very High,High,1.845132743362832,Low,0.6300000000000001,0.7175000000000002,0.74,0.6958333333333334,High,47,Evening,191,0,20046.2,0.5980933482874645,0.6300000000000001,0.7175000000000002,0.74,556,Low Value,,,,4168.900000000001,0.6737500000000002,166.61342665995505,1,0.9353667462668513,1,Critical Risk
2024-10-20 02:07:47,Truck_7,-3.5038,21.9533,268,Delivered,18.7,69.5,Heavy,39,101,9,Mechanical Failure,77.1,205,2,20,6,10,October,1,Very High,Medium-Low,1.3073170731707318,High,0.5249999999999999,0.4275,0.5800000000000001,0.5108333333333334,Medium,42,Night,63,0,15805.499999999998,0.4151626261754809,0.5249999999999999,0.4275,0.5800000000000001,909,Medium Value,,,,3006.9,0.4762499999999999,21.224786028016062,1,0.9349929223888834,1,Critical Risk
2024-05-19 11:10:13,Truck_2,57.555,179.2349,448,In Transit,21.5,55.7,Heavy,55,500,2,Mechanical Failure,86.7,173,11,19,6,5,May,1,Very High,High,2.5895953757225434,Low,0.365,0.6675,0.9000000000000001,0.6441666666666667,Medium,20,Morning,275,0,14999.1,0.3803770166508499,0.365,0.6675,0.9000000000000001,1000,Medium Value,,,,4768.5,0.51625,187.87437668070743,1,0.9349182170215283,1,Critical Risk
2024-06-10 09:00:08,Truck_7,68.1545,43.8007,246,In Transit,22.0,58.1,Heavy,54,128,7,Traffic,61.0,265,9,10,0,6,June,0,High,Medium-Low,0.9283018867924528,Medium-High,0.825,0.0250000000000001,0.8800000000000001,0.5766666666666668,Medium,24,Morning,-19,1,16165.0,0.4306703476835476,0.825,0.0250000000000001,0.8800000000000001,896,Medium Value,,,,3294.0,0.425,81.71997246809684,1,0.9332735086174228,1,Critical Risk
2024-09-15 01:08:22,Truck_5,-10.7414,-56.5849,331,Delivered,21.6,61.2,Heavy,24,450,8,Traffic,64.4,123,1,15,6,9,September,1,High,Medium-High,2.6910569105691056,Medium-High,0.1149999999999999,0.1100000000000003,0.2799999999999999,0.1683333333333334,Low,37,Night,208,0,7921.200000000001,0.0750582348373739,0.1149999999999999,0.1100000000000003,0.2799999999999999,3600,Very High Value,,,,1545.6,0.1125000000000001,58.18323765490801,1,0.9329592795045515,1,Critical Risk
2024-04-11 04:39:16,Truck_10,-33.9528,-54.2201,384,In Transit,24.2,72.5,Heavy,50,131,3,Weather,80.1,141,4,11,3,4,April,0,Very High,Medium-High,2.723404255319149,Low,0.2049999999999999,0.5025,0.8,0.5025,Medium,15,Night,243,0,11294.1,0.2205547407471313,0.2049999999999999,0.5025,0.8,393,Low Value,,,,4005.0,0.3537499999999999,63.98104579216243,1,0.9328149352704077,1,Critical Risk
2024-10-08 14:00:54,Truck_7,-49.8421,-83.2963,324,Delivered,22.2,62.9,Heavy,50,365,7,Weather,95.8,210,14,8,1,10,October,0,Very High,Medium-High,1.542857142857143,Medium-High,0.55,0.895,0.8,0.7483333333333334,High,41,Afternoon,114,0,20118.0,0.6011905788974204,0.55,0.895,0.8,2555,Very High Value,,,,4790.0,0.7225,97.1026541277981,1,0.9313989592822641,1,Critical Risk
2024-10-20 12:32:47,Truck_1,64.0594,-102.2596,195,In Transit,19.3,70.6,Heavy,34,134,2,Traffic,98.2,220,12,20,6,10,October,1,Very High,Low,0.8863636363636364,Low,0.6000000000000001,0.955,0.48,0.6783333333333333,High,42,Afternoon,-25,1,21604.0,0.6652920369252007,0.6000000000000001,0.955,0.48,268,Low Value,,,,3338.8,0.7775000000000001,122.10089691092088,1,0.930973419074579,1,Critical Risk
2024-12-13 17:26:27,Truck_5,-9.8416,87.3444,467,Delayed,26.5,62.1,Heavy,54,222,2,Traffic,97.3,259,17,13,4,12,December,0,Very High,High,1.803088803088803,Low,0.7949999999999999,0.9325,0.8800000000000001,0.8691666666666666,High,50,Evening,208,0,25200.7,0.8204425847640411,0.7949999999999999,0.9325,0.8800000000000001,444,Low Value,,,,5254.2,0.86375,86.9221362031268,1,0.9306331311557733,1,Critical Risk
2024-04-27 09:13:01,Truck_5,82.9727,171.1469,317,Delayed,26.5,52.7,Heavy,37,427,2,Traffic,69.9,233,9,27,5,4,April,1,High,Medium-High,1.3605150214592274,Low,0.665,0.2475000000000002,0.54,0.4841666666666668,Medium,17,Morning,84,0,16286.7,0.4359201104305065,0.665,0.2475000000000002,0.54,854,Medium Value,,,,2586.3,0.4562500000000001,190.04595573023587,1,0.9300956646800658,1,Critical Risk
2024-11-27 09:05:44,Truck_9,41.7285,131.8376,278,Delivered,22.8,52.9,Heavy,18,104,4,Traffic,71.2,190,9,27,2,11,November,0,High,Medium-Low,1.4631578947368422,Medium-Low,0.45,0.2800000000000002,0.1599999999999999,0.2966666666666668,Low,48,Morning,88,0,13528.0,0.3169182986800104,0.45,0.2800000000000002,0.1599999999999999,416,Low Value,,,,1281.6,0.3650000000000001,137.90493537488965,1,0.9296930184587745,1,Critical Risk
2024-05-03 22:24:53,Truck_10,-21.2573,12.4574,459,In Transit,26.4,50.6,Heavy,17,222,9,Traffic,94.9,265,22,3,4,5,May,0,Very High,High,1.7320754716981133,High,0.825,0.8725,0.14,0.6124999999999999,Medium,18,Late_Evening,194,0,25148.5,0.81819083771892,0.825,0.8725,0.14,1998,High Value,,,,1613.3000000000002,0.84875,23.04194917983038,1,0.9294435609115383,1,Critical Risk
2024-03-16 13:20:30,Truck_9,-89.0981,33.8294,226,In Transit,18.6,77.9,Heavy,30,252,10,,67.3,145,13,16,5,3,March,1,High,Medium-Low,1.5586206896551724,High,0.2249999999999999,0.1825000000000001,0.3999999999999999,0.2691666666666667,Low,11,Afternoon,81,0,9758.5,0.1543136916573203,0.2249999999999999,0.1825000000000001,0.3999999999999999,2520,Very High Value,,,,2019.0,0.20375,93.73608255964255,1,0.928903427238017,1,Critical Risk
2024-05-07 12:49:54,Truck_2,77.436,42.529,249,Delivered,24.3,78.8,Heavy,13,125,2,Mechanical Failure,78.7,165,12,7,1,5,May,0,Very High,Medium-Low,1.509090909090909,Low,0.325,0.4675000000000002,0.06,0.2841666666666667,Low,19,Afternoon,84,0,12985.5,0.2935165214390476,0.325,0.4675000000000002,0.06,250,Low Value,,,,1023.1,0.3962500000000001,89.14618890088666,1,0.9280645431350821,1,Critical Risk
2024-11-17 12:35:32,Truck_8,-28.2385,-87.7617,244,Delayed,29.1,67.2,Heavy,18,118,5,Traffic,70.5,290,12,17,6,11,November,1,High,Medium-Low,0.8413793103448276,Medium-Low,0.95,0.2625000000000002,0.1599999999999999,0.4575,Medium,46,Afternoon,-46,1,20445.0,0.615296350616858,0.95,0.2625000000000002,0.1599999999999999,590,Low Value,,,,1269.0,0.6062500000000001,92.58610636054216,1,0.9278179109926894,1,Critical Risk
2024-03-09 09:56:32,Truck_4,76.8582,-8.4829,475,In Transit,24.3,52.6,Heavy,55,283,6,Weather,95.9,173,9,9,5,3,March,1,Very High,High,2.745664739884393,Medium-Low,0.365,0.8975000000000004,0.9000000000000001,0.7208333333333335,High,10,Morning,302,0,16590.7,0.4490337330687602,0.365,0.8975000000000004,0.9000000000000001,1698,High Value,,,,5274.5,0.6312500000000002,78.77158589718647,1,0.9262998485826559,1,Critical Risk
2024-04-01 16:27:12,Truck_4,42.6032,146.1485,226,Delivered,23.9,61.2,Heavy,13,211,2,Mechanical Failure,67.5,232,16,1,0,4,April,0,High,Medium-Low,0.9741379310344828,Low,0.6599999999999999,0.1875,0.06,0.3025,Low,14,Evening,-6,1,15660.0,0.4088862048140799,0.6599999999999999,0.1875,0.06,422,Low Value,,,,877.5,0.4237499999999999,151.81629990557963,1,0.9256561244143298,1,Critical Risk
2024-11-16 16:38:18,Truck_4,77.0206,0.8221,485,Delayed,24.6,50.3,Heavy,11,155,1,Mechanical Failure,84.9,161,16,16,5,11,November,1,Very High,High,3.012422360248447,Low,0.305,0.6225,0.0199999999999999,0.3158333333333333,Low,46,Evening,324,0,13668.9,0.3229962902251748,0.305,0.6225,0.0199999999999999,155,Low Value,,,,933.9,0.46375,78.3806940255399,1,0.9252592099112159,1,Critical Risk
2024-11-26 11:25:34,Truck_4,53.447,-162.7863,274,Delayed,22.0,51.1,Heavy,38,175,4,Traffic,64.0,271,11,26,1,11,November,0,High,Medium-Low,1.011070110701107,Medium-Low,0.855,0.1,0.56,0.505,Medium,48,Morning,3,0,17344.0,0.4815287723233543,0.855,0.1,0.56,700,Low Value,,,,2432.0,0.4775,172.5584472128679,1,0.9234637476893258,1,Critical Risk
2024-01-26 17:18:01,Truck_7,-80.9601,52.614,158,In Transit,29.7,78.2,Heavy,43,334,5,Weather,72.7,181,17,26,4,1,January,0,High,Low,0.8729281767955801,Medium-Low,0.405,0.3175000000000001,0.6599999999999999,0.4608333333333334,Medium,4,Evening,-23,1,13158.7,0.3009878353895264,0.405,0.3175000000000001,0.6599999999999999,1670,High Value,,,,3126.1,0.36125,94.95795829361457,1,0.9233496884525272,1,Critical Risk
2024-08-18 05:51:47,Truck_7,-58.4321,-90.5118,315,Delivered,23.5,68.6,Heavy,20,372,1,,63.8,221,5,18,6,8,August,1,High,Medium-High,1.4253393665158371,Low,0.605,0.0949999999999999,0.2,0.3,Low,33,Night,94,0,14099.8,0.341583987576568,0.605,0.0949999999999999,0.2,372,Low Value,,,,1276.0,0.35,107.71177384121331,1,0.9222968264853568,1,Critical Risk
2024-12-28 10:23:37,Truck_4,-35.2452,78.2544,306,Delayed,26.1,74.8,Heavy,37,232,7,,77.1,289,10,28,5,12,December,1,Very High,Medium-High,1.0588235294117647,Medium-High,0.945,0.4275,0.54,0.6375000000000001,Medium,52,Morning,17,0,22281.9,0.694534552670175,0.945,0.4275,0.54,1624,High Value,,,,2852.7,0.68625,84.50826441745332,1,0.9195886024246909,1,Critical Risk
2024-04-18 04:50:13,Truck_5,-36.6154,-46.3008,468,Delivered,26.6,59.0,Heavy,16,144,4,Weather,86.8,276,4,18,3,4,April,0,Very High,High,1.6956521739130437,Medium-Low,0.8800000000000001,0.6699999999999999,0.12,0.5566666666666666,Medium,16,Night,192,0,23956.8,0.7667845742386334,0.8800000000000001,0.6699999999999999,0.12,576,Low Value,,,,1388.8,0.775,58.8635158547952,1,0.9164581112997148,1,Critical Risk
2024-03-24 12:07:04,Truck_4,-84.6425,70.457,262,In Transit,23.4,62.0,Heavy,36,272,7,,82.9,146,12,24,6,3,March,1,Very High,Medium-Low,1.7945205479452055,Medium-High,0.2299999999999999,0.5725000000000002,0.52,0.4408333333333334,Medium,12,Afternoon,116,0,12103.4,0.2554654473298249,0.2299999999999999,0.5725000000000002,0.52,1904,High Value,,,,2984.4,0.4012500000000001,108.54905330543406,1,0.9131343055229652,1,Critical Risk
2024-02-29 23:31:58,Truck_8,-30.946,-65.5352,435,Delayed,24.7,75.3,Heavy,41,245,2,Weather,87.1,232,23,29,3,2,February,0,Very High,High,1.875,Low,0.6599999999999999,0.6774999999999998,0.6200000000000001,0.6525,Medium,9,Late_Evening,203,0,20207.2,0.60503839185575,0.6599999999999999,0.6774999999999998,0.6200000000000001,490,Low Value,,,,3571.1,0.6687499999999998,72.66774622021056,1,0.9115381518381507,1,Critical Risk
2024-04-30 19:31:45,Truck_8,67.8612,174.7961,473,Delayed,24.8,61.7,Heavy,19,360,10,Weather,97.3,186,19,30,1,4,April,0,Very High,High,2.543010752688172,High,0.43,0.9325,0.18,0.5141666666666668,Medium,18,Evening,287,0,18097.8,0.514045380036235,0.43,0.9325,0.18,3600,Very High Value,,,,1848.7,0.6812500000000001,187.22536903108835,1,0.9109060549752243,1,Critical Risk
2024-02-27 15:58:37,Truck_1,63.9549,-128.7581,444,In Transit,20.8,63.9,Heavy,38,203,1,Weather,73.7,201,15,27,1,2,February,0,High,High,2.208955223880597,Low,0.5050000000000001,0.3425000000000002,0.56,0.4691666666666668,Medium,9,Afternoon,243,0,14813.7,0.3723794323181779,0.5050000000000001,0.3425000000000002,0.56,203,Low Value,,,,2800.6,0.4237500000000002,145.12391559199068,1,0.9106106070461052,1,Critical Risk
2024-04-23 08:06:46,Truck_10,9.8934,13.9028,338,Delivered,28.7,65.6,Heavy,45,348,8,Traffic,96.1,230,8,23,1,4,April,0,Very High,Medium-High,1.4695652173913043,Medium-High,0.6500000000000001,0.9025,0.7,0.7508333333333334,High,17,Morning,108,0,22103.0,0.6868173582952292,0.6500000000000001,0.9025,0.7,2784,Very High Value,,,,4324.5,0.77625,17.24398293624202,1,0.9099635509119837,1,Critical Risk
2024-12-21 10:48:36,Truck_7,3.9786,-135.2219,367,Delayed,27.0,55.1,Heavy,47,449,9,Mechanical Failure,99.7,109,10,21,5,12,December,1,Very High,Medium-High,3.36697247706422,High,0.045,0.9925000000000002,0.74,0.5925,Medium,51,Morning,258,0,10867.3,0.2021439047536882,0.045,0.9925000000000002,0.74,4041,Very High Value,,,,4685.900000000001,0.51875,136.16364865282551,1,0.9078580071021309,1,Critical Risk
2024-07-22 16:30:00,Truck_6,89.8701,73.6867,264,Delivered,26.9,70.0,Heavy,32,188,1,Weather,79.2,213,16,22,0,7,July,0,Very High,Medium-Low,1.2394366197183098,Low,0.565,0.4800000000000002,0.44,0.495,Medium,30,Evening,51,0,16869.600000000002,0.4610646191010268,0.565,0.4800000000000002,0.44,188,Low Value,,,,2534.4,0.5225000000000001,116.74767538253096,1,0.906511567968045,1,Critical Risk
2024-08-07 09:39:53,Truck_8,16.1144,-24.4118,488,Delivered,26.5,66.6,Heavy,41,104,1,Mechanical Failure,67.1,151,9,7,2,8,August,0,High,High,3.2317880794701987,Low,0.255,0.1775,0.6200000000000001,0.3508333333333334,Medium,32,Morning,337,0,10132.1,0.170429643689069,0.255,0.1775,0.6200000000000001,104,Low Value,,,,2751.1,0.21625,30.706062307018232,1,0.9055017254827514,1,Critical Risk
2024-04-22 22:47:46,Truck_2,-60.0975,-13.7518,495,In Transit,23.8,69.8,Heavy,22,487,9,Weather,86.1,108,22,22,0,4,April,0,Very High,High,4.583333333333333,High,0.04,0.6524999999999999,0.24,0.3108333333333333,Low,17,Late_Evening,387,0,9298.8,0.1344836511086187,0.04,0.6524999999999999,0.24,4383,Very High Value,,,,1894.2,0.3462499999999999,60.52204177240392,1,0.9052915319725291,1,Critical Risk
2024-06-17 14:43:11,Truck_9,0.4055,97.6022,266,Delivered,23.5,60.2,Heavy,57,108,2,Traffic,65.5,202,14,17,0,6,June,0,High,Medium-Low,1.316831683168317,Low,0.51,0.1375000000000001,0.9400000000000002,0.5291666666666668,Medium,25,Afternoon,64,0,13231.0,0.304106634457769,0.51,0.1375000000000001,0.9400000000000002,216,Low Value,,,,3733.5,0.3237500000000001,96.7812574036678,1,0.899952834608254,1,Critical Risk
2024-08-09 16:48:19,Truck_5,-11.147,-97.9335,106,Delayed,29.6,62.0,Heavy,54,410,9,Weather,62.3,111,16,9,4,8,August,0,High,Low,0.954954954954955,High,0.055,0.0575000000000001,0.8800000000000001,0.3308333333333334,Medium,32,Evening,-5,1,6915.299999999999,0.0316668104563885,0.055,0.0575000000000001,0.8800000000000001,3690,Very High Value,,,,3364.2,0.05625,99.25424366979716,1,0.8987977682833315,1,Critical Risk
2024-12-20 11:12:28,Truck_8,-12.452,-174.3397,135,In Transit,22.9,60.9,Heavy,42,379,8,Traffic,93.2,159,11,20,4,12,December,0,Very High,Low,0.8490566037735849,Medium-High,0.295,0.8300000000000001,0.6399999999999999,0.5883333333333333,Medium,51,Morning,-24,1,14818.8,0.3725994305927013,0.295,0.8300000000000001,0.6399999999999999,3032,Very High Value,,,,3914.4,0.5625,175.52755842016325,1,0.8977241658379456,1,Critical Risk
2024-02-04 01:08:26,Truck_10,-13.6168,-165.0825,349,In Transit,21.1,55.1,Heavy,13,453,10,Weather,65.1,111,1,4,6,2,February,1,High,Medium-High,3.144144144144144,High,0.055,0.1274999999999999,0.06,0.0808333333333333,Low,5,Night,238,0,7226.099999999999,0.0450737641273401,0.055,0.1274999999999999,0.06,4530,Very High Value,,,,846.3,0.09125,166.371642966789,1,0.8968316292447934,1,Critical Risk
2024-09-12 22:46:47,Truck_10,-7.3863,-44.8767,470,Delivered,25.1,70.3,Heavy,11,417,3,Mechanical Failure,76.5,126,22,12,3,9,September,0,Very High,High,3.73015873015873,Low,0.13,0.4125000000000001,0.0199999999999999,0.1875,Low,37,Late_Evening,344,0,9639.0,0.1491588301268225,0.13,0.4125000000000001,0.0199999999999999,1251,Medium Value,,,,841.5,0.27125,46.10924000805117,1,0.8959075761885257,1,Critical Risk
2024-09-10 19:41:42,Truck_1,-79.2584,125.5026,152,Delivered,22.8,65.2,Heavy,33,386,4,Weather,63.3,227,19,10,1,9,September,0,High,Low,0.6696035242290749,Medium-Low,0.635,0.0825,0.46,0.3925,Medium,37,Evening,-75,1,14369.1,0.3532007592097317,0.635,0.0825,0.46,1544,High Value,,,,2088.9,0.35875,147.00219701368957,1,0.8951856277973093,1,Critical Risk
2024-05-18 14:34:50,Truck_3,62.9549,134.6387,177,In Transit,24.7,70.6,Heavy,58,301,1,Mechanical Failure,82.7,254,14,18,5,5,May,1,Very High,Low,0.6968503937007874,Low,0.77,0.5675000000000003,0.96,0.7658333333333335,High,20,Afternoon,-77,1,21005.8,0.6394875334311104,0.77,0.5675000000000003,0.96,301,Low Value,,,,4796.6,0.6687500000000002,148.45639127442166,1,0.8940350747344765,1,Critical Risk
2024-09-23 14:50:23,Truck_10,-7.7974,-150.3367,427,In Transit,23.9,56.2,Heavy,31,443,3,,89.0,148,14,23,0,9,September,0,Very High,High,2.885135135135135,Low,0.24,0.7250000000000001,0.42,0.4616666666666666,Medium,39,Afternoon,279,0,13172.0,0.3015615563799499,0.24,0.7250000000000001,0.42,1329,Medium Value,,,,2759.0,0.4825,151.31074410973713,1,0.8817599502034192,1,Critical Risk
2024-04-12 19:29:51,Truck_10,-51.6025,114.3963,428,In Transit,28.6,77.7,Heavy,14,175,9,Traffic,96.2,115,19,12,4,4,April,0,Very High,High,3.7217391304347824,High,0.075,0.9050000000000002,0.08,0.3533333333333334,Medium,15,Evening,313,0,11063.0,0.2105857993270641,0.075,0.9050000000000002,0.08,1575,High Value,,,,1346.8,0.4900000000000001,124.1773047369785,1,0.8810765527226065,1,Critical Risk
2024-11-03 00:16:47,Truck_2,18.1994,40.5771,193,In Transit,25.7,64.0,Heavy,33,335,8,Mechanical Failure,90.0,240,0,3,6,11,November,1,Very High,Low,0.8041666666666667,Medium-High,0.7,0.75,0.46,0.6366666666666666,Medium,44,Night,-47,1,21600.0,0.6651194892589078,0.7,0.75,0.46,2680,Very High Value,,,,2970.0,0.725,44.29272414516933,1,0.879182043709697,1,Critical Risk
2024-04-29 10:31:08,Truck_2,33.0027,-70.5854,407,In Transit,29.6,64.3,Heavy,10,102,6,,98.5,133,10,29,0,4,April,0,Very High,High,3.0601503759398496,Medium-Low,0.165,0.9625000000000004,0.0,0.3758333333333334,Medium,18,Morning,274,0,13100.5,0.298477266844966,0.165,0.9625000000000004,0.0,612,Low Value,,,,985.0,0.5637500000000002,79.25886525899628,1,0.8777714169079138,1,Critical Risk
2024-10-16 22:49:20,Truck_7,35.674,177.2099,248,Delivered,23.0,72.3,Heavy,35,256,3,Traffic,99.2,296,22,16,2,10,October,0,Very High,Medium-Low,0.8378378378378378,Low,0.98,0.9800000000000004,0.5,0.8200000000000002,High,42,Late_Evening,-48,1,29363.2,1.0000000000000002,0.98,0.9800000000000004,0.5,768,Medium Value,,,,3472.0,0.9800000000000002,180.21905176714293,1,0.8765174767759646,1,Critical Risk
2024-12-19 21:18:37,Truck_8,56.5445,31.2501,404,Delivered,24.7,74.2,Heavy,23,459,1,Traffic,71.7,127,21,19,3,12,December,0,High,High,3.1811023622047245,Low,0.135,0.2925000000000002,0.26,0.2291666666666667,Low,51,Late_Evening,277,0,9105.9,0.1261625399016478,0.135,0.2925000000000002,0.26,459,Low Value,,,,1649.1,0.2137500000000001,65.40562301043532,1,0.8500385506884162,1,Critical Risk
2024-12-09 09:35:15,Truck_3,20.9244,-59.3367,202,Delayed,26.5,77.8,Clear,31,298,8,,60.6,102,9,9,0,12,December,0,High,Medium-Low,1.9803921568627447,Medium-High,0.01,0.0150000000000001,0.42,0.1483333333333333,Low,50,Morning,100,0,6181.2,0.0,0.01,0.0150000000000001,0.42,2384,High Value,,,,1878.6,0.0125,64.16758268097456,1,0.7776882978928874,1,Critical Risk
2024-02-15 12:50:05,Truck_6,21.6362,35.7292,224,Delayed,28.3,69.0,Clear,20,445,6,,60.1,259,12,15,3,2,February,0,High,Medium-Low,0.8648648648648649,Medium-Low,0.7949999999999999,0.0025000000000001,0.2,0.3325,Medium,7,Afternoon,-35,1,15565.9,0.4048270209645415,0.7949999999999999,0.0025000000000001,0.2,2670,Very High Value,,,,1202.0,0.39875,41.78865494042667,1,0.7089583437697976,1,Critical Risk
2024-12-28 10:46:03,Truck_10,-6.9237,20.9631,366,Delayed,18.7,59.1,Detour,39,466,6,Traffic,82.7,109,10,28,5,12,December,1,Very High,Medium-High,3.3577981651376145,Medium-Low,0.045,0.5675000000000003,0.5800000000000001,0.3975000000000001,Medium,52,Morning,257,0,9014.3,0.1222111983435425,0.045,0.5675000000000003,0.5800000000000001,2796,Very High Value,,,,3225.3,0.3062500000000002,20.88089222665416,1,0.6968128747442587,1,High Risk
2024-08-24 01:36:22,Truck_8,-69.5639,-74.6473,236,Delayed,18.2,50.5,Clear,20,260,2,Weather,61.1,278,1,24,5,8,August,1,High,Medium-Low,0.8489208633093526,Low,0.8900000000000001,0.0275,0.2,0.3725,Medium,34,Night,-42,1,16985.8,0.4660771288068329,0.8900000000000001,0.0275,0.2,520,Low Value,,,,1222.0,0.4587500000000001,101.73321125725477,1,0.6964759071109843,1,High Risk
2024-11-23 08:35:37,Truck_4,-9.8535,-164.784,147,Delayed,27.5,51.6,Clear,15,496,4,Traffic,68.4,238,8,23,5,11,November,1,High,Low,0.6176470588235294,Medium-Low,0.69,0.2100000000000002,0.0999999999999999,0.3333333333333333,Medium,47,Morning,-91,1,16279.2,0.4355965835562074,0.69,0.2100000000000002,0.0999999999999999,1984,High Value,,,,1026.0,0.45,165.83868610188205,1,0.6891291240894686,1,High Risk
2024-06-30 04:50:57,Truck_1,-39.701,158.9084,379,Delayed,23.8,78.8,Detour,22,361,5,Weather,89.3,112,4,30,6,6,June,1,Very High,Medium-High,3.383928571428572,Medium-Low,0.06,0.7324999999999999,0.24,0.3441666666666667,Medium,26,Night,267,0,10001.6,0.1648002760762661,0.06,0.7324999999999999,0.24,1805,High Value,,,,1964.6,0.39625,162.65477926834748,1,0.6828690957089416,1,High Risk
2024-06-08 09:09:10,Truck_4,72.3311,-105.9002,312,Delayed,19.1,52.0,Detour,50,263,2,,87.6,123,9,8,5,6,June,1,Very High,Medium-High,2.5365853658536586,Low,0.1149999999999999,0.69,0.8,0.535,Medium,23,Morning,189,0,10774.8,0.1981537399706668,0.1149999999999999,0.69,0.8,526,Low Value,,,,4380.0,0.4024999999999999,129.70440304612194,1,0.6796802561429031,1,High Risk
2024-12-01 12:38:57,Truck_4,73.9154,-123.8449,122,Delayed,28.3,80.0,Detour,43,444,10,Mechanical Failure,91.6,141,12,1,6,12,December,1,Very High,Low,0.8652482269503546,High,0.2049999999999999,0.79,0.6599999999999999,0.5516666666666666,Medium,48,Afternoon,-19,1,12915.6,0.2905012509705805,0.2049999999999999,0.79,0.6599999999999999,4440,Very High Value,,,,3938.8,0.4975,145.64335950421793,1,0.6788485772678002,1,High Risk
2024-06-26 09:25:46,Truck_7,-85.0916,68.3039,142,Delayed,28.4,67.3,Detour,30,181,6,Weather,84.3,104,9,26,2,6,June,0,Very High,Low,1.3653846153846154,Medium-Low,0.02,0.6074999999999999,0.3999999999999999,0.3424999999999999,Medium,26,Morning,38,0,8767.199999999999,0.1115520662583038,0.02,0.6074999999999999,0.3999999999999999,1086,Medium Value,,,,2529.0,0.31375,107.53018798842407,1,0.67820786211732,1,High Risk
2024-05-25 08:35:36,Truck_8,23.9115,179.0046,194,Delayed,24.9,57.9,Detour,10,220,3,,77.3,172,8,25,5,5,May,1,Very High,Low,1.127906976744186,Low,0.36,0.4325000000000001,0.0,0.2641666666666667,Low,21,Morning,22,0,13295.6,0.3068932792683979,0.36,0.4325000000000001,0.0,660,Low Value,,,,773.0,0.39625,179.95090902107574,1,0.6768028943791368,1,High Risk
2024-03-09 19:11:05,Truck_10,-44.764,-118.3579,484,Delayed,22.8,53.7,Clear,18,176,4,Weather,73.7,131,19,9,5,3,March,1,High,High,3.694656488549618,Medium-Low,0.155,0.3425000000000002,0.1599999999999999,0.2191666666666667,Low,10,Evening,353,0,9654.7,0.1498360797170219,0.155,0.3425000000000002,0.1599999999999999,704,Low Value,,,,1326.6,0.2487500000000001,126.85162600795223,1,0.6729218683900314,1,High Risk
2024-03-30 12:05:51,Truck_10,-31.4314,-110.7069,384,Delayed,18.5,79.0,Detour,21,185,8,Weather,68.1,143,12,30,5,3,March,1,High,Medium-High,2.685314685314685,Medium-High,0.2149999999999999,0.2024999999999999,0.2199999999999999,0.2124999999999999,Low,13,Afternoon,241,0,9738.3,0.1534423259425416,0.2149999999999999,0.2024999999999999,0.2199999999999999,1480,High Value,,,,1430.1,0.2087499999999999,115.52634359725538,1,0.6698597610929609,1,High Risk
2024-07-03 12:21:01,Truck_1,-28.6942,-75.4244,402,Delayed,20.3,56.6,Detour,52,149,4,Weather,82.6,158,12,3,2,7,July,0,Very High,High,2.5443037974683542,Medium-Low,0.29,0.565,0.8400000000000001,0.5650000000000001,Medium,27,Afternoon,244,0,13050.8,0.2963333620912777,0.29,0.565,0.8400000000000001,596,Low Value,,,,4295.2,0.4275,81.01211030260875,1,0.6674159869265558,1,High Risk
2024-01-08 14:39:40,Truck_7,87.018,-27.3053,201,Delayed,27.9,64.4,Clear,30,198,7,Weather,93.9,276,14,8,0,1,January,0,Very High,Low,0.7282608695652174,Medium-High,0.8800000000000001,0.8475000000000001,0.3999999999999999,0.7091666666666668,High,2,Afternoon,-75,1,25916.4,0.8513156759554827,0.8800000000000001,0.8475000000000001,0.3999999999999999,1386,High Value,,,,2817.0,0.8637500000000001,92.75062831713598,1,0.6661179668369254,1,High Risk
2024-08-07 08:25:04,Truck_10,14.8779,-139.1721,269,Delayed,19.0,73.6,Clear,50,307,3,Mechanical Failure,68.1,102,8,7,2,8,August,0,High,Medium-Low,2.6372549019607843,Low,0.01,0.2024999999999999,0.8,0.3374999999999999,Medium,32,Morning,167,0,6946.2,0.0329997411785005,0.01,0.2024999999999999,0.8,921,Medium Value,,,,3404.9999999999995,0.1062499999999999,140.94762920808577,1,0.6374534289782517,1,High Risk
2024-01-09 21:49:29,Truck_2,88.528,-0.3595,375,Delayed,19.2,72.9,Detour,58,119,7,,96.9,213,21,9,1,1,January,0,Very High,Medium-High,1.7605633802816902,Medium-High,0.565,0.9225000000000004,0.96,0.8158333333333334,High,2,Late_Evening,162,0,20639.7,0.6236951082736607,0.565,0.9225000000000004,0.96,833,Medium Value,,,,5620.200000000001,0.7437500000000001,89.89605620123871,1,0.616131932411295,1,High Risk
2024-09-23 17:43:36,Truck_6,-69.8671,-68.073,166,Delayed,20.4,70.2,Clear,19,391,5,,74.0,238,17,23,0,9,September,0,High,Low,0.6974789915966386,Medium-Low,0.69,0.3500000000000001,0.18,0.4066666666666667,Medium,39,Evening,-72,1,17612.0,0.4930894659649728,0.69,0.3500000000000001,0.18,1955,High Value,,,,1406.0,0.52,97.16895029948633,1,0.6137382113978528,1,High Risk
2024-04-27 03:04:28,Truck_10,-86.6606,29.6786,361,Delayed,29.7,62.2,Detour,35,131,9,,61.8,253,3,27,5,4,April,1,High,Medium-High,1.4268774703557312,High,0.7650000000000001,0.0449999999999999,0.5,0.4366666666666667,Medium,17,Night,108,0,15635.4,0.4078250366663791,0.7650000000000001,0.0449999999999999,0.5,1179,Medium Value,,,,2163.0,0.405,90.04449806929553,1,0.6029774293857622,1,High Risk
2024-03-25 12:22:10,Truck_5,41.9728,81.4274,441,Delayed,18.9,67.0,Detour,48,359,8,Mechanical Failure,76.0,300,12,25,0,3,March,0,Very High,High,1.47,Medium-High,1.0,0.4000000000000001,0.76,0.7200000000000001,High,13,Afternoon,141,0,22800.0,0.7168837891467519,1.0,0.4000000000000001,0.76,2872,Very High Value,,,,3648.0,0.7000000000000001,91.50160802687792,1,0.6028236969953956,1,High Risk
2024-10-19 23:58:05,Truck_8,60.0491,-175.5019,401,Delayed,27.1,67.2,Detour,51,487,3,Weather,86.3,238,23,19,5,10,October,1,Very High,High,1.684873949579832,Low,0.69,0.6575000000000002,0.8200000000000001,0.7225000000000001,High,42,Late_Evening,163,0,20539.4,0.6193684755413683,0.69,0.6575000000000002,0.8200000000000001,1461,High Value,,,,4401.3,0.6737500000000001,186.725771748146,1,0.5846036329494115,1,High Risk
2024-04-29 15:32:06,Truck_1,-79.2933,52.6196,412,Delayed,20.2,65.0,Clear,14,230,2,Mechanical Failure,72.9,249,15,29,0,4,April,0,High,High,1.6546184738955825,Low,0.7450000000000001,0.3225000000000002,0.08,0.3825000000000001,Medium,18,Afternoon,163,0,18152.1,0.5163877146061601,0.7450000000000001,0.3225000000000002,0.08,460,Low Value,,,,1020.6,0.5337500000000002,93.56825003213176,1,0.5734937795673782,1,High Risk
2024-08-30 12:04:18,Truck_10,56.1373,82.4192,258,Delayed,19.3,74.2,Detour,52,407,8,Weather,84.7,245,12,30,4,8,August,0,Very High,Medium-Low,1.053061224489796,Medium-High,0.7250000000000001,0.6175000000000002,0.8400000000000001,0.7275,High,35,Afternoon,13,0,20751.5,0.6285178155465447,0.7250000000000001,0.6175000000000002,0.8400000000000001,3256,Very High Value,,,,4404.400000000001,0.6712500000000001,99.8078029710191,1,0.5620922061589535,1,High Risk
2024-12-28 17:40:09,Truck_4,-40.9216,27.5281,371,Delayed,27.4,50.9,Clear,40,463,8,Weather,90.7,144,17,28,5,12,December,1,Very High,Medium-High,2.576388888888889,Medium-High,0.2199999999999999,0.7675000000000001,0.6000000000000001,0.5291666666666667,Medium,52,Evening,227,0,13060.8,0.2967647312570098,0.2199999999999999,0.7675000000000001,0.6000000000000001,3704,Very High Value,,,,3628.0,0.49375,47.723422724937336,1,0.5613568115061687,1,High Risk
2024-08-06 22:02:54,Truck_10,30.3691,-111.1134,377,Delivered,18.2,51.7,Detour,34,306,8,Traffic,87.9,139,22,6,1,8,August,0,Very High,Medium-High,2.712230215827338,Medium-High,0.195,0.6975000000000002,0.48,0.4575000000000001,Medium,32,Late_Evening,238,0,12218.1,0.2604132516607713,0.195,0.6975000000000002,0.48,2448,Very High Value,,,,2988.6000000000004,0.4462500000000001,116.3599788241619,0,0.5613278536941538,1,High Risk
2024-09-18 19:39:24,Truck_8,59.8356,-114.4198,157,Delayed,18.7,73.6,Clear,55,323,9,Mechanical Failure,81.3,141,19,18,2,9,September,0,Very High,Low,1.1134751773049645,High,0.2049999999999999,0.5325000000000002,0.9000000000000001,0.5458333333333334,Medium,38,Evening,16,0,11463.3,0.2278535070313174,0.2049999999999999,0.5325000000000002,0.9000000000000001,2907,Very High Value,,,,4471.5,0.3687500000000001,130.49541758679163,1,0.557460157336345,1,High Risk
2024-04-14 08:17:18,Truck_3,-49.2845,40.5814,241,Delayed,21.4,70.9,Clear,48,121,4,Weather,75.3,195,8,14,6,4,April,1,Very High,Medium-Low,1.235897435897436,Medium-Low,0.475,0.3825,0.76,0.5391666666666667,Medium,15,Morning,46,0,14683.5,0.3667630057803468,0.475,0.3825,0.76,484,Low Value,,,,3614.4,0.42875,62.2604390363676,1,0.5532342287734634,1,High Risk
2024-04-11 06:00:56,Truck_8,-9.7509,-86.2981,227,Delayed,28.3,62.8,Detour,30,400,4,Traffic,68.2,194,6,11,3,4,April,0,High,Medium-Low,1.1701030927835052,Medium-Low,0.47,0.205,0.3999999999999999,0.3583333333333333,Medium,15,Morning,33,0,13230.8,0.3040980070744544,0.47,0.205,0.3999999999999999,1600,High Value,,,,2046.0,0.3375,87.53821921109126,1,0.5434425258879825,1,High Risk
2024-10-17 15:23:46,Truck_3,-18.8295,76.8645,314,Delayed,23.8,63.7,Detour,41,117,8,,69.5,147,15,17,3,10,October,0,High,Medium-High,2.136054421768708,Medium-High,0.235,0.2375,0.6200000000000001,0.3641666666666667,Medium,42,Afternoon,167,0,10216.5,0.1740703994478474,0.235,0.2375,0.6200000000000001,936,Medium Value,,,,2849.5,0.23625,78.00867589999248,1,0.5375310864542019,1,High Risk
2024-09-02 16:36:48,Truck_6,79.6896,84.1175,407,Delivered,23.5,77.7,Detour,55,351,6,,68.4,168,16,2,0,9,September,0,High,High,2.4226190476190474,Medium-Low,0.3399999999999999,0.2100000000000002,0.9000000000000001,0.4833333333333334,Medium,36,Evening,239,0,11491.2,0.2290570270037098,0.3399999999999999,0.2100000000000002,0.9000000000000001,2106,High Value,,,,3762.000000000001,0.2750000000000001,116.2096648561297,0,0.5322471660226324,1,High Risk
2024-07-23 23:58:44,Truck_5,57.2271,59.2588,158,Delayed,25.9,51.3,Detour,46,308,7,,64.6,115,23,23,1,7,July,0,High,Low,1.373913043478261,Medium-High,0.075,0.1149999999999999,0.72,0.3033333333333333,Low,30,Late_Evening,43,0,7428.999999999999,0.053826244500043,0.075,0.1149999999999999,0.72,2156,High Value,,,,2971.6,0.095,82.7379002533896,1,0.5290695549239895,1,High Risk
2024-05-24 00:02:16,Truck_6,63.5554,151.4083,187,Delayed,18.9,60.3,Clear,34,223,1,Weather,85.3,197,0,24,4,5,May,0,Very High,Low,0.949238578680203,Low,0.485,0.6324999999999998,0.48,0.5324999999999999,Medium,21,Night,-10,1,16804.1,0.4582391510654818,0.485,0.6324999999999998,0.48,223,Low Value,,,,2900.2,0.5587499999999999,163.9686641932534,1,0.5184080935185374,1,High Risk
2024-08-26 13:29:17,Truck_1,-83.1143,74.21,214,Delayed,27.0,55.0,Clear,18,319,3,Mechanical Failure,67.0,127,13,26,0,8,August,0,High,Medium-Low,1.68503937007874,Low,0.135,0.175,0.1599999999999999,0.1566666666666666,Low,35,Afternoon,87,0,8509.0,0.1004141143991027,0.135,0.175,0.1599999999999999,957,Medium Value,,,,1206.0,0.155,109.85144687588418,1,0.5173516819551858,1,High Risk
2024-10-14 10:21:17,Truck_4,46.9729,-36.5198,420,Delayed,21.6,62.8,Clear,31,242,10,Weather,95.6,221,10,14,0,10,October,0,Very High,High,1.9004524886877827,High,0.605,0.8900000000000001,0.42,0.6383333333333333,Medium,42,Morning,199,0,21127.6,0.6447416098697265,0.605,0.8900000000000001,0.42,2420,Very High Value,,,,2963.6,0.7475,61.0869244062024,1,0.5126440769588214,1,High Risk
2024-10-18 06:34:56,Truck_6,38.047,-80.0446,166,Delayed,26.9,58.3,Clear,29,283,3,Weather,64.1,113,6,18,4,10,October,0,High,Low,1.4690265486725664,Low,0.065,0.1025,0.3799999999999999,0.1825,Low,42,Morning,53,0,7243.299999999999,0.0458157190923992,0.065,0.1025,0.3799999999999999,849,Medium Value,,,,1858.9,0.08375,89.9708846014523,1,0.5063413557739711,1,High Risk
2024-11-15 06:42:17,Truck_7,-19.6632,-133.2353,416,Delivered,20.5,61.9,Detour,51,172,1,Weather,75.5,112,6,15,4,11,November,0,Very High,High,3.7142857142857135,Low,0.06,0.3875000000000002,0.8200000000000001,0.4225000000000001,Medium,46,Morning,304,0,8456.0,0.0981278578207229,0.06,0.3875000000000002,0.8200000000000001,172,Low Value,,,,3850.5,0.2237500000000001,135.3159210147101,0,0.5017162589688041,1,High Risk
