Timestamp,Asset_ID,Latitude,Longitude,Inventory_Level,Shipment_Status,Temperature,Humidity,Traffic_Status,Waiting_Time,User_Transaction_Amount,User_Purchase_Frequency,Logistics_Delay_Reason,Asset_Utilization,Demand_Forecast,Hour,Day,Day_of_Week,Month,Month_Name,Is_Weekend,Utilization_Band,Inventory_Band,Inventory_Coverage,Purchase_Frequency_Band,Demand_Normalized,Utilization_Normalized,Waiting_Normalized,Operational_Stress_Score,Operational_Stress_Level,Week_of_Year,Time_Period,Inventory_Demand_Gap,Stock_Risk,Fleet_Load_Index,Fleet_Load_Index_Normalized,Demand_Score,Utilization_Score,Waiting_Score,Customer_Value_Index,Customer_Value_Segment,Traffic_Level,Traffic_Utilization_Interaction,Demand_Traffic_Interaction,Utilization_Waiting_Interaction,Pre_Dispatch_Stress_Score,Distance_From_Center,Actual_Delay,Delay_Probability,Predicted_Delay,Risk_Level,Priority_Score
2024-08-16 05:55:39,Truck_7,66.5399,160.551,155,Delayed,24.0,72.4,Detour,28,398,6,Traffic,63.8,278,5,16,4,8,August,0,High,Low,0.5575539568345323,Medium-Low,0.8900000000000001,0.0949999999999999,0.36,0.4483333333333334,Medium,33,Night,-123,1,17736.399999999998,0.4984556983866792,0.8900000000000001,0.0949999999999999,0.36,2388,High Value,,,,1786.4,0.4925,173.54813502614553,1,0.4344104702730132,0,Moderate Risk,43.44104702730132
2024-01-15 08:13:04,Truck_6,14.4593,157.9293,487,Delayed,18.7,62.0,Detour,35,432,9,,72.3,247,8,15,0,1,January,0,High,High,1.97165991902834,High,0.7350000000000001,0.3075000000000001,0.5,0.5141666666666668,Medium,3,Morning,240,0,17858.1,0.5037054611336381,0.7350000000000001,0.3075000000000001,0.5,3888,Very High Value,,,,2530.5,0.5212500000000001,157.8867585894979,1,0.36354066160349485,0,Moderate Risk,36.35406616034948
2024-07-19 13:04:45,Truck_7,16.1221,79.0279,332,Delayed,19.2,56.9,Detour,27,357,2,,87.8,217,13,19,4,7,July,0,Very High,Medium-High,1.5299539170506913,Low,0.585,0.6949999999999998,0.34,0.5399999999999999,Medium,29,Afternoon,115,0,19052.6,0.5552325079803295,0.585,0.6949999999999998,0.34,714,Medium Value,,,,2370.6,0.6399999999999999,80.12138449780974,1,0.4572449802627012,0,Moderate Risk,45.72449802627012
2024-06-09 06:11:00,Truck_8,-20.984,-125.2428,316,Delayed,19.8,70.6,Detour,18,194,4,Mechanical Failure,95.8,240,6,9,6,6,June,1,Very High,Medium-High,1.3166666666666669,Medium-Low,0.7,0.895,0.1599999999999999,0.585,Medium,23,Morning,76,0,22992.0,0.7251660771288069,0.7,0.895,0.1599999999999999,776,Medium Value,,,,1724.4,0.7975,127.59790766423488,1,0.3861576315750826,0,Moderate Risk,38.61576315750826
2024-07-28 07:33:03,Truck_10,88.2246,-148.6037,326,Delayed,27.2,69.3,Detour,24,492,9,Weather,72.5,223,7,28,6,7,July,1,High,Medium-High,1.4618834080717489,High,0.615,0.3125,0.2799999999999999,0.4025,Medium,30,Morning,103,0,16167.5,0.4307781899749806,0.615,0.3125,0.2799999999999999,4428,Very High Value,,,,1740.0,0.46375,174.23534251129806,1,0.40036201039131486,0,Moderate Risk,40.036201039131484
2024-12-16 21:09:29,Truck_9,43.4429,-106.3154,147,Delayed,19.0,73.2,Detour,60,260,5,Mechanical Failure,77.2,216,21,16,0,12,December,0,Very High,Low,0.6805555555555556,Medium-Low,0.5800000000000001,0.4300000000000001,1.0,0.67,High,51,Late_Evening,-69,1,16675.2,0.452678802519196,0.5800000000000001,0.4300000000000001,1.0,1300,Medium Value,,,,4632.0,0.5050000000000001,116.14196249066384,1,0.4139751926834897,0,Moderate Risk,41.39751926834897
2024-06-07 10:37:34,Truck_5,75.223,158.8602,177,Delayed,19.9,58.4,Clear,57,335,5,Weather,98.6,283,10,7,4,6,June,0,Very High,Low,0.6254416961130742,Medium-Low,0.915,0.965,0.9400000000000002,0.94,High,23,Morning,-106,1,27903.8,0.9370459839530672,0.915,0.965,0.9400000000000002,1675,High Value,,,,5620.2,0.94,175.60263766741545,1,0.45308751019510385,0,Moderate Risk,45.30875101951038
2024-02-22 20:07:47,Truck_1,18.761,139.9566,154,Delayed,26.8,56.0,Clear,13,413,8,Traffic,73.8,220,20,22,3,2,February,0,High,Low,0.7,Medium-High,0.6000000000000001,0.345,0.06,0.335,Medium,8,Late_Evening,-66,1,16236.0,0.4337330687602451,0.6000000000000001,0.345,0.06,3304,Very High Value,,,,959.4,0.4725,140.56709382242803,1,0.47943879262008865,0,Moderate Risk,47.94387926200886
2024-07-14 20:00:38,Truck_3,58.6218,133.4487,154,Delayed,25.8,69.0,Clear,60,357,10,Mechanical Failure,87.9,269,20,14,6,7,July,1,Very High,Low,0.5724907063197026,High,0.845,0.6975000000000002,1.0,0.8475000000000001,High,28,Late_Evening,-115,1,23645.1,0.7533387973427661,0.845,0.6975000000000002,1.0,3570,Very High Value,,,,5274.0,0.7712500000000001,145.54613511648486,1,0.3304908599759254,0,Moderate Risk,33.04908599759254
